<?xml version="1.0" encoding="UTF-8" standalone="no"?>
<bookmarks>
  <bookmark name="4D" type="13" url="https://www.4d.com/"/>
  <bookmark name="Forums" type="13" url="https://discuss.4d.com"/>
  <bookmark name="-" type="0" url=""/>
  <bookmark name="Develop Center" type="13" url="https://developer.4d.com"/>
  <bookmark name="4D Knowledgebase" type="13" url="https://kb.4d.com"/>
  <bookmark name="-" type="0" url=""/>
  <bookmark name="Doc Center" type="13" url="http://doc.4d.com"/>
  <bookmark name="-" type="0" url=""/>
  <bookmark name="Resources" type="13" url="https://us.4d.com/resources/"/>
  <bookmark name="-" type="0" url=""/>
  <bookmark name="Vincent de Lachaux" type="1" url="mailto:vincent.deLachaux@4d.com"/>
  <bookmark name="4DPop" type="13" url="https://github.com/vdelachaux/4DPop"/>
</bookmarks>